timestampMicros,bpm,envelopePeak,sceneId
15318838,64.7102,0.528949,Idle
15572883,64.9218,0.54914,Idle
15826305,65.1469,0.567342,Idle
16079400,65.3846,0.583351,Idle
16332806,65.6339,0.596999,Idle
16585987,65.8931,0.60808,Idle
16839795,66.1614,0.61648,Idle
17093425,66.4365,0.622056,Idle
17346539,66.7163,0.62474,Idle
17599918,67.0001,0.62451,Idle
17853703,67.2863,0.621357,Idle
18106955,67.5722,0.62338,Idle
18360887,67.8573,0.646962,Idle
18613602,68.1378,0.668822,Idle
18867017,68.4142,0.688562,Idle
19120752,68.6842,0.70559,Idle
19374294,68.9457,0.719364,Idle
19627156,69.1965,0.729418,Idle
19880740,69.4364,0.735415,Idle
20134187,69.6632,0.737003,Idle
20388099,69.8757,0.733941,Idle
20641195,70.0717,0.72611,Idle
20894965,70.251,0.713422,Idle
21147891,70.4112,0.69601,Idle
21401069,70.5522,0.673973,Idle
21655318,70.6733,0.647463,Idle
21908514,70.7725,0.617057,Idle
22161822,70.8497,0.60032,Idle
22414987,70.9043,0.584437,Idle
22668242,70.9358,0.564361,Idle
22922190,70.9439,0.540461,Idle
23175826,70.9282,0.513337,Idle
23428826,70.889,0.483626,Idle
23682086,70.8262,0.45187,Idle
23935498,67,0.65,Idle
24189124,67,0.65,Idle
24443826,90.7875,0.65,Idle
24696160,90.7875,0.608453,Idle
24949334,90.7875,0.65,Idle
25202478,90.7875,0.562394,Idle
25456403,59.8358,0.65,Idle
25710875,59.8358,1,Idle
25962962,59.8358,1,Idle
26216164,71.3706,1,Idle
26470247,71.3706,0.966039,Idle
26723410,71.3706,0.916374,Idle
26977667,69.2234,1,Idle
27230087,69.2234,1,Idle
27483471,57.4682,1,Idle
27737476,57.4682,0.965388,Idle
27990526,57.4682,1,Idle
28244601,61.3265,1,Idle
28497272,61.3265,0.954925,Idle
28750630,85.8507,1,Idle
29004367,85.8507,1,Idle
29258177,85.8507,0.938828,Idle
29511364,85.8507,1,Idle
29764344,52.7521,1,Idle
30017716,44.3791,1,Idle
30271910,44.3791,0.952811,Idle
30525723,61.091,0.939955,Idle
30778604,82.5062,0.92185,Idle
31031529,82.5062,1,Idle
31284669,77.3706,0.978287,Idle
31538717,77.3706,0.919019,Idle
31792792,94.7434,1,Idle
32045471,94.7434,0.852317,Idle
32298654,94.7434,0.9558,Idle
32551816,94.7434,1,Idle
32805598,94.7434,0.816043,Idle
33059762,94.7434,0.825235,Idle
33312303,94.7434,0.81226,Idle
33565740,94.7434,0.823366,Idle
33818909,94.7434,0.82419,Idle
34073018,94.7434,0.833682,Idle
34327234,94.7434,0.821884,Idle
34579447,94.7434,0.8205,Idle
34832863,94.7434,0.83553,Idle
35086710,67,1,Idle
35340495,67,1,Idle
35594129,67,0.908974,Idle
35846650,75.2549,1,Idle
36099990,78.6532,1,Idle
36354341,78.6532,1,Idle
36607065,78.6532,0.843438,Idle
36860960,67.5698,1,Idle
37113660,67.5698,1,Idle
37366915,57.7854,0.934816,Idle
37621144,53.1497,1,Idle
37874204,53.1497,0.928069,Idle
38127766,64.0677,1,Idle
38380825,102.903,1,Idle
38634250,102.903,0.927653,Idle
38887583,99.1889,0.979998,Idle
39142150,99.1889,0.936539,Idle
39394923,110.799,0.880184,Idle
39647936,110.799,0.872326,Idle
39901157,79.3356,1,Idle
40155004,79.3356,1,Idle
40409169,79.3356,1,Idle
40661955,79.3356,0.958742,Idle
40915077,79.3356,0.906047,Idle
41168278,42.1688,0.871135,Idle
41422040,42.1688,0.82249,Idle
41676228,42.1688,0.847928,Idle
41928793,42.1688,0.819921,Idle
42181981,56.4374,0.87861,Idle
42435451,56.4374,0.909402,Idle
42690039,56.4374,0.820712,Idle
42943725,65.8441,0.941934,Idle
43195902,65.8441,0.833059,Idle
43449339,65.8441,0.836838,Idle
43703664,72.2414,0.851611,Idle
43956424,72.2414,0.821002,Idle
44210693,78.881,0.958568,Idle
44463008,78.881,0.825892,Idle
44717084,78.881,0.822403,Idle
44970426,78.881,0.821605,Idle
45224655,78.881,0.825464,Idle
45477354,78.881,0.839804,Idle
45730213,78.881,0.83624,Idle
45983583,78.881,0.815745,Idle
46237274,67,0.908546,Idle
46491444,67,0.890843,Idle
46744397,67,0.910493,Idle
46997311,84.5851,0.821674,Idle
47250479,84.5851,0.815843,Idle
47596091,92.0642,0.871461,Idle
47850714,92.0642,0.816624,Idle
48104542,92.0642,0.81871,Idle
48359236,64.1688,0.91693,Idle
48611607,64.1688,0.814492,Idle
48864651,64.1688,0.83812,Idle
49117858,83.9908,0.915926,Idle
49372058,83.9908,0.869474,Idle
49625523,83.9908,0.828696,Idle
49878706,86.7541,0.851505,Idle
50131794,79.275,1,Idle
50384951,79.275,0.939883,Idle
50639546,102.328,1,Idle
50893648,102.328,0.91206,Idle
51145645,82.3161,0.876766,Idle
51398922,82.3161,0.836279,Idle
51653118,115.221,0.85259,Idle
51906566,115.221,0.835255,Idle
52160122,62.5175,0.507648,Idle
52412781,62.3458,0.535245,Idle
52665825,62.201,0.559763,Idle
52920223,62.0836,0.580732,Idle
53173087,61.9959,0.597468,Idle
53426938,61.9374,0.609789,Idle
53679747,61.909,0.617332,Idle
53933156,61.9107,0.619997,Idle
54186794,61.9427,0.617697,Idle
54440562,62.0049,0.610475,Idle
54693922,62.097,0.598507,Idle
54946943,62.2181,0.593082,Idle
55200436,62.3683,0.596574,Idle
55454289,62.5466,0.59721,Idle
55708155,62.7519,0.595182,Idle
55960726,62.9818,0.590782,Idle
56213982,63.2367,0.584297,Idle
56467384,63.5147,0.576091,Idle
56720953,63.8143,0.56655,Idle
56975071,64.1342,0.556071,Idle
57228099,64.4705,0.545146,Idle
57481152,64.8225,0.550678,Idle
57734406,65.1886,0.568702,Idle
57988260,65.5671,0.584573,Idle
58243132,65.9565,0.598086,Idle
58495097,66.3485,0.608887,Idle
58748030,66.7467,0.617032,Idle
59001519,67.1481,0.622377,Idle
59255800,67.317,1,Idle
59509129,67.317,0.811785,Idle
59761940,67.317,0.830103,Idle
60015138,67.317,0.833569,Idle
60268592,67.317,0.830928,Idle
60522914,59.584,1,Idle
60776548,42.1712,1,Idle
61029106,42.1712,1,Idle
61282304,42.1712,0.893979,Start
61536585,42.1712,0.942755,Start
61789932,42.1712,0.83846,Start
62043479,48.3965,0.893752,Start
62296304,48.3965,0.823951,Start
62549900,48.3965,0.824502,Start
62804385,48.3965,0.816029,Start
63057973,48.3965,0.805087,Start
63310674,48.3965,0.813532,Start
63563784,48.3965,0.810316,Start
63816742,48.3965,0.811815,Start
64070262,48.3965,0.819331,Start
64324346,48.3965,0.817351,Start
64577306,48.3965,0.83303,Start
64830491,48.3965,0.826822,Start
65083686,48.3965,0.813863,Start
65337443,48.3965,0.8049,Start
65591821,48.3965,0.811807,Start
65844283,48.3965,0.852697,Start
66097654,58.5822,0.822892,Start
66351740,58.5822,0.814242,Start
66604970,58.5822,0.813244,Start
66858876,58.5822,0.81012,Start
67111333,58.5822,0.813181,Start
67364729,58.5822,0.81574,Start
67617969,58.5822,0.843215,Start
67871823,67,0.882255,Start
68125779,67,0.831101,Start
68378717,67,0.818617,Start
68631874,67,0.810807,Start
68885712,67,0.814463,Start
69139060,67,0.824505,Start
69392914,67,0.80723,Start
69645595,67,0.817345,Start
69899726,67,0.834069,Start
70152931,67,0.81315,Start
70406470,67,0.833733,Start
70660381,67,0.822482,Start
70912734,67,0.817496,Start
71166239,67,0.815077,Start
71420951,67,0.807027,Start
71674279,67,0.826022,Start
71926788,67,0.832046,Start
72179814,67,0.812369,Start
72433260,50.5347,1,Start
72687172,71.2019,1,Start
72941858,71.2019,1,Start
73194986,71.2019,0.981115,Start
73447735,81.0784,0.944516,Start
73700406,81.0784,0.957004,Start
73954429,81.0784,0.826166,Start
74208057,81.0784,0.808141,Start
74461308,81.0784,0.814711,Start
74714618,81.0784,0.81495,Start
74968322,76.1608,0.824508,Start
75221937,76.1608,0.814668,Start
75475810,76.1608,0.818489,Start
75728489,76.1608,0.81713,Start
75981547,76.1608,0.822089,Start
76235933,76.1608,0.810476,Start
76489852,76.1608,0.812827,Start
76743057,76.1608,0.81205,Start
76998727,71.1238,0.831645,Start
77265295,50.4566,0.963876,Start
77515359,50.4566,0.829866,Start
77782010,50.4566,0.859574,Start
78048978,61.268,0.890802,Start
78315291,61.268,0.822751,Start
78581907,61.268,0.818581,Start
78849568,61.268,0.816622,Start
79115269,61.268,0.837881,Start
79382190,61.268,0.818443,Start
79648737,61.268,0.81553,Start
79915272,61.268,0.814004,Start
80182090,66,0.846753,Start
80449245,66,0.818206,Start
80715943,66,0.818548,Start
80982137,66,0.846284,Start
81252103,66,0.809793,Start
81516488,66,0.806353,Start
81781846,66,0.812853,Start
82048473,66,0.81939,Start
82315071,66,0.857643,Start
82565125,66,0.829934,Start
82831756,67,0.923341,Start
83098429,67,0.831651,Start
83365034,67,0.821724,Start
83615072,67,0.813607,Start
83865127,67,0.847947,Start
84131797,67,0.823734,Start
84398491,67,0.813947,Start
84657133,67,0.807645,Start
84915159,67,0.808455,Start
85181781,67,0.823516,Start
85431808,67,0.824981,Start
85682105,67,0.829445,Start
85948260,67,0.839693,Start
86198768,67,0.820162,Start
86464889,67,0.810121,Start
86714984,67,0.814196,Start
86981551,67,0.821012,Start
87248217,67,0.827393,Start
87498552,67,0.814829,Start
87764877,67,0.820026,Start
88014901,67,0.820697,Start
88265199,67,0.821474,Start
88532064,52.0513,0.858769,Start
88799026,52.0513,0.836783,Start
89065706,52.0513,0.814804,Start
89331940,88.8197,0.847136,Start
89598371,88.8197,0.812443,Start
89864878,88.8197,0.854734,Start
90131438,88.8197,0.817186,Start
90398145,88.8197,0.817565,Start
90664740,56.9562,0.81416,Start
90914764,56.9562,0.82121,Start
91185621,56.9562,0.830171,Start
91448272,56.9562,0.830916,Start
91698309,56.9562,0.814438,Start
91964935,56.9562,0.818915,Start
92214952,56.9562,0.826502,Start
92481584,56.9562,0.827816,FirstPhase
92748037,56.9562,0.818995,FirstPhase
92998849,56.9562,0.827119,FirstPhase
93264725,56.9562,0.842749,FirstPhase
93531337,56.9562,0.821533,FirstPhase
93799189,56.9562,0.856215,FirstPhase
94064626,56.9562,0.834978,FirstPhase
94331197,67,1,FirstPhase
94581244,67,0.86398,FirstPhase
94847867,95.1773,1,FirstPhase
95114564,95.1773,1,FirstPhase
95381217,89.6207,0.9351,FirstPhase
95631247,63.3324,0.966905,FirstPhase
95881340,94.1296,0.940141,FirstPhase
96147987,112.762,0.922324,FirstPhase
96415109,116.355,0.849426,FirstPhase
96681950,111.791,0.962656,FirstPhase
96948278,111.791,0.849427,FirstPhase
97214482,86.5207,0.882179,FirstPhase
97464483,86.5207,0.813835,FirstPhase
97731159,86.5207,0.822975,FirstPhase
97997801,86.5207,0.822053,FirstPhase
98264407,86.5207,0.828317,FirstPhase
98514483,86.5207,0.816367,FirstPhase
98781071,86.5207,0.820093,FirstPhase
99031116,67.4209,0.889674,FirstPhase
99281133,67.4209,0.810333,FirstPhase
99547677,67.4209,0.830754,FirstPhase
99797731,67.4209,0.814276,FirstPhase
100064374,67.4209,0.818885,FirstPhase
100314568,67.4209,0.86119,FirstPhase
100581075,67.4209,0.826145,FirstPhase
100831079,67.4209,0.814125,FirstPhase
101097676,67.4209,0.813188,FirstPhase
101347682,67.4209,0.818477,FirstPhase
101614340,67,0.855599,FirstPhase
101880969,67,0.847645,FirstPhase
102147662,80.752,0.85072,FirstPhase
102414263,80.752,0.816846,FirstPhase
102664270,80.752,0.819793,FirstPhase
102930913,80.752,0.832596,FirstPhase
103197607,80.752,0.831212,FirstPhase
103464252,80.752,0.818955,FirstPhase
103730828,56.6252,0.857536,FirstPhase
103980881,56.6252,0.828894,FirstPhase
104231431,56.6252,0.830963,FirstPhase
104498310,56.6252,0.825821,FirstPhase
104765364,63.6933,0.834508,FirstPhase
105031453,63.6933,0.815462,FirstPhase
105297566,63.6933,0.830025,FirstPhase
105564588,63.6933,0.852704,FirstPhase
105831800,58.444,0.920164,FirstPhase
106097976,58.444,0.837134,FirstPhase
106365312,58.444,0.815728,FirstPhase
106630799,58.444,0.82549,FirstPhase
106897393,58.444,0.858348,FirstPhase
107164111,58.444,0.840698,FirstPhase
107430768,58.444,0.818595,FirstPhase
107697431,58.444,0.81266,FirstPhase
107964070,58.444,0.833544,FirstPhase
108230665,58.444,0.824559,FirstPhase
108480685,58.444,0.817434,FirstPhase
108747334,58.444,0.833071,FirstPhase
108997334,58.444,0.809736,FirstPhase
109263982,58.444,0.827547,FirstPhase
109530644,58.444,0.817202,FirstPhase
109797281,58.444,0.824585,FirstPhase
110047287,58.444,0.812487,FirstPhase
110297322,58.444,0.817574,FirstPhase
110563940,62.7443,0.834313,FirstPhase
110814015,58.444,0.822531,FirstPhase
111080636,58.444,0.811436,FirstPhase
111347241,58.444,0.813203,FirstPhase
111597262,58.444,0.809904,FirstPhase
111863934,58.444,0.811203,FirstPhase
112130599,58.444,0.816828,FirstPhase
112397214,58.444,0.830507,FirstPhase
112647268,58.444,0.818703,FirstPhase
112914461,58.444,0.811237,FirstPhase
113181047,58.444,0.843646,FirstPhase
113447237,58.444,0.823226,FirstPhase
113714277,67,0.823429,FirstPhase
113981778,67,0.823479,FirstPhase
114248668,90.747,0.994785,FirstPhase
114513734,115.867,1,FirstPhase
114780355,115.867,1,FirstPhase
115030371,101.163,1,FirstPhase
115280427,101.163,0.871943,FirstPhase
115547106,106.367,0.864837,FirstPhase
115813731,106.367,0.823299,FirstPhase
116080383,75.193,0.870432,FirstPhase
116330392,75.193,0.868831,FirstPhase
116597065,75.193,0.899362,FirstPhase
116863698,75.193,0.814617,FirstPhase
117130325,75.193,0.831432,FirstPhase
117380342,75.193,0.83166,FirstPhase
117630369,75.193,0.816438,FirstPhase
117897021,75.193,0.874891,FirstPhase
118163683,75.193,0.839159,FirstPhase
118430304,75.193,0.815759,FirstPhase
118680339,75.193,0.822722,FirstPhase
118946974,90.8854,0.813886,FirstPhase
119196982,90.8854,0.857706,FirstPhase
119463661,101.934,0.856553,FirstPhase
119730314,87.2315,0.827944,FirstPhase
119996967,101.934,0.81992,FirstPhase
120263597,101.934,0.819294,FirstPhase
120530278,61.4623,0.84025,FirstPhase
120801164,61.4623,0.85377,FirstPhase
121063806,70.6447,0.826936,FirstPhase
121330614,61.4623,0.880909,FirstPhase
121597664,61.4623,0.822698,FirstPhase
121864039,61.4623,0.832222,FirstPhase
122131028,61.4623,0.815449,FirstPhase
122397934,61.4623,0.81597,FirstPhase
122664323,61.4623,0.818303,FirstPhase
122930159,61.4623,0.879402,FirstPhase
123196755,67,0.843094,FirstPhase
123447300,67,0.818393,FirstPhase
123697339,67,0.813222,FirstPhase
123963414,67,0.837054,FirstPhase
124230054,67,0.825934,FirstPhase
124496718,67,0.819803,FirstPhase
124746724,67,0.874469,FirstPhase
125013412,67,0.841455,FirstPhase
125280044,67,0.814763,FirstPhase
125546695,67,0.825113,FirstPhase
125813336,67,0.812269,FirstPhase
126063344,67,0.838637,FirstPhase
126313350,67,0.833611,FirstPhase
126579968,67,0.827516,FirstPhase
126829980,67,0.821562,FirstPhase
127080014,75.7265,0.820796,FirstPhase
127346699,75.7265,0.825627,FirstPhase
127613309,75.7265,0.855988,FirstPhase
127880239,75.7265,0.812715,FirstPhase
128147061,75.7265,0.834903,FirstPhase
128413294,75.7265,0.819641,FirstPhase
128680358,75.7265,0.834363,FirstPhase
128946769,75.7265,0.821256,FirstPhase
129213872,75.7265,0.859159,FirstPhase
129479853,67,0.850221,FirstPhase
129729859,67,0.817965,FirstPhase
129979888,67,0.813107,FirstPhase
130246485,67,0.828451,FirstPhase
130513168,67,0.866994,FirstPhase
130779809,55.6578,0.832649,FirstPhase
131029828,55.6578,0.829947,FirstPhase
131296478,82.8546,0.844095,FirstPhase
131563127,82.8546,0.809988,FirstPhase
131813146,83.0925,0.818448,FirstPhase
132079771,82.3632,0.819717,FirstPhase
132346409,102.447,0.848877,FirstPhase
132596418,102.447,0.820086,FirstPhase
132863055,102.447,0.822289,FirstPhase
133113074,102.447,0.807917,FirstPhase
133379670,57.3568,0.833779,FirstPhase
133629713,57.3568,0.835757,FirstPhase
133896379,81.6663,0.837353,FirstPhase
134163033,81.6663,0.832921,FirstPhase
134429692,81.6663,0.830333,FirstPhase
134696386,81.6663,0.853121,FirstPhase
134963029,58.0906,0.876088,FirstPhase
135229700,58.0906,0.826158,FirstPhase
135496373,58.0906,0.82143,FirstPhase
135763042,58.0906,0.806907,FirstPhase
136029657,58.0906,0.862601,FirstPhase
136296301,58.0906,0.864671,FirstPhase
136562949,58.0906,0.826404,FirstPhase
136829632,57.091,0.83708,FirstPhase
137096236,67,0.830679,FirstPhase
137363116,93.3729,0.921357,FirstPhase
137629855,117.067,0.951915,FirstPhase
137897264,107.792,0.949638,FirstPhase
138163282,100.994,1,FirstPhase
138430147,100.994,0.812678,FirstPhase
138697426,100.994,0.815201,FirstPhase
138963611,62.9552,0.885204,FirstPhase
139229510,62.9552,0.850512,FirstPhase
139479523,62.9552,0.839607,FirstPhase
139784276,79.5714,0.936674,FirstPhase
140044762,79.5714,0.839979,FirstPhase
140298626,79.5714,0.838722,FirstPhase
140551830,58.5747,0.871948,FirstPhase
140805213,58.5747,0.815527,FirstPhase
141063012,58.5747,0.789552,FirstPhase
141329547,96.1519,0.809888,FirstPhase
141579553,96.1519,0.808297,FirstPhase
141846132,96.1519,0.804127,FirstPhase
142096152,96.1519,0.817092,FirstPhase
142346238,96.1519,0.812188,FirstPhase
142612851,96.1519,0.87172,FirstPhase
142879481,96.1519,0.823947,FirstPhase
143129484,96.1519,0.818983,FirstPhase
143379485,96.1519,0.870288,FirstPhase
143646131,96.1519,0.815025,FirstPhase
143896150,96.1519,0.821926,FirstPhase
144162828,96.1519,0.813905,FirstPhase
144412843,67,0.827882,FirstPhase
144679434,67,0.818246,FirstPhase
144946092,81.0726,0.867477,FirstPhase
145212666,80.4599,0.850779,FirstPhase
145462753,80.4599,0.810024,FirstPhase
145729397,80.4599,0.822038,FirstPhase
145996067,90.1903,0.816461,FirstPhase
146262691,90.1903,0.836112,FirstPhase
146529383,93.5504,0.850474,FirstPhase
146795999,93.5504,0.810267,FirstPhase
147062683,93.5504,0.814412,FirstPhase
147312693,93.5504,0.810098,FirstPhase
147579317,79.4777,0.911618,FirstPhase
147845951,56.3046,0.808169,FirstPhase
148095954,56.3046,0.803449,FirstPhase
148362641,78.9729,0.857114,FirstPhase
148629284,78.9729,0.824443,FirstPhase
148895944,78.9729,0.824864,FirstPhase
149162611,78.9729,0.824226,FirstPhase
149429256,78.9729,0.811117,FirstPhase
149695896,78.9729,0.812317,FirstPhase
149945942,54.2855,0.827604,FirstPhase
150212499,54.2855,0.821279,FirstPhase
150462560,54.2855,0.814004,FirstPhase
150712692,54.2855,0.861411,FirstPhase
150979539,56.5261,0.841945,FirstPhase
151245875,56.5261,0.824739,FirstPhase
151515417,56.5261,0.815592,FirstPhase
151779867,80.8732,0.823489,FirstPhase
152045837,80.8732,0.826541,FirstPhase
152312554,80.8732,0.824795,FirstPhase
152562724,80.8732,0.806728,FirstPhase
152829374,80.8732,0.836767,FirstPhase
153095958,53.6988,0.912745,FirstPhase
153346000,53.6988,0.857562,FirstPhase
153612399,78.7684,0.857628,Exchange
153862467,78.7684,0.816784,Exchange
154129018,78.7684,0.823115,Exchange
154379029,70.3389,0.929765,Exchange
154629037,70.3389,0.859207,Exchange
154895650,69.5426,0.870951,Exchange
155145793,69.5426,0.819059,Exchange
155412399,69.5426,0.824214,Exchange
155662410,69.5426,0.82625,Exchange
155929116,69.5426,0.824313,Exchange
156195624,62.0802,0.909232,Exchange
156464077,62.0802,0.825313,Exchange
156728909,62.0802,0.821744,Exchange
156978921,62.0802,0.83336,Exchange
157229071,62.0802,0.808956,Exchange
157495550,62.0802,0.820434,Exchange
157745638,62.0802,0.814301,Exchange
158012253,62.0802,0.831921,Exchange
158262291,68.0595,0.832129,Exchange
158528886,51.4384,0.824833,Exchange
158778915,51.4384,0.840545,Exchange
159045501,68.3279,0.953304,Exchange
159295503,68.3279,0.816707,Exchange
159562152,68.3279,0.845601,Exchange
159828906,74.1805,0.830425,Exchange
160095473,75.24,0.814084,Exchange
160345519,74.1805,0.832383,Exchange
160612195,74.1805,0.814978,Exchange
160878805,74.1805,0.822505,Exchange
161145400,55.2626,0.817279,Exchange
161412091,55.2626,0.848284,Exchange
161678815,55.2626,0.882317,Exchange
161945435,55.2626,0.816996,Exchange
162212096,61.6956,0.81054,Exchange
162478728,61.6956,0.82241,Exchange
162728765,61.6956,0.828875,Exchange
162995372,51.7642,0.926707,Exchange
163262077,51.7642,0.856452,Exchange
163528729,51.7642,0.844895,Exchange
163795322,79.8728,0.919155,Exchange
164061927,79.8728,1,Exchange
164311938,74.8208,1,Exchange
164561972,74.8208,0.934601,Exchange
164828569,90.1009,1,Exchange
165078613,65.5436,1,Exchange
165328625,65.5436,0.92573,Exchange
165578639,65.5436,0.82515,Exchange
165845195,69.9259,0.988892,Exchange
166095206,69.9259,0.933074,Exchange
166345224,90.5887,0.950294,Exchange
166595272,90.5887,0.939904,Exchange
166861854,90.5887,0.93665,Exchange
167111857,90.5887,0.913313,Exchange
167378512,80.5725,0.908385,Exchange
167628542,80.5725,0.906137,Exchange
167879138,80.5725,0.883036,Exchange
168145195,80.5725,0.899891,Exchange
168395296,84.7845,0.922422,Exchange
168661800,57.6397,1,Exchange
168928453,85.3551,1,Exchange
169178487,85.3551,0.871356,Exchange
169445107,106.815,0.87685,Exchange
169711785,106.815,0.844268,Exchange
169978438,106.815,0.925297,Exchange
170245097,106.815,0.869036,Exchange
170511670,77.3084,1,Exchange
170761686,77.3084,0.901514,Exchange
171011694,77.3084,0.943401,Exchange
171261811,58.9533,0.918593,Exchange
171528374,58.9533,0.907881,Exchange
171778404,58.9533,0.925544,Exchange
172028404,58.9533,0.92217,Exchange
172295009,58.9533,0.860032,Exchange
172545019,58.9533,0.832744,Exchange
172811609,43.1979,1,Exchange
173061620,43.1979,0.987337,Exchange
173328256,51.2446,1,Exchange
173578268,51.2446,0.929157,Exchange
173844958,51.2446,0.973523,Exchange
174111550,51.2446,0.645201,Exchange
174361673,51.2446,0.556665,Exchange
174628232,43.2911,0.600009,Exchange
174894820,43.2911,0.6,Exchange
175144883,43.2911,0.523965,Exchange
175394904,43.2911,0.21329,Exchange
175661596,65.0317,0.410404,Exchange
175928252,64.9449,0.37487,Exchange
176194796,64.8734,0.339712,Exchange
176444896,64.8203,0.307798,Exchange
176694973,64.7811,0.3,Exchange
176961454,64.7545,0.3,Exchange
177211524,64.7438,0.3,Exchange
177478092,64.7476,0.3,Exchange
177728152,64.7652,0.3,Exchange
177994744,64.7985,0.3,Exchange
178261434,64.8465,0.3,Exchange
178511547,64.9043,0.3,Exchange
178778050,64.979,0.3,Exchange
179044800,65.0666,0.3,Exchange
179294823,65.1597,0.3,Exchange
179561321,65.2697,0.3,Exchange
179811453,65.3824,0.3,Exchange
180061456,65.5032,0.3,Exchange
180328102,65.6402,0.3,Exchange
180594820,65.7846,0.316552,Exchange
180861331,65.935,0.375865,Exchange
181112227,66.0813,0.433647,Exchange
181392358,66.2487,0.49912,Exchange
181646384,66.403,0.558211,Exchange
181913001,66.5666,0.618747,Exchange
182178889,66.7301,0.676437,Exchange
182445535,66.8932,0.730476,Exchange
182711211,67.0539,0.779474,Exchange
182961651,67.2026,0.820391,Exchange
183228218,67.3569,0.857539,Exchange
183494826,67.5061,0.88741,Exchange
183761539,67.6494,0.909466,Exchange
184028169,67.7855,0.923311,Exchange
184278295,67.9061,0.928655,Exchange
184544829,68.0262,0.926168,Exchange
184811227,68.1369,0.915373,Exchange
185061631,68.2319,0.897915,Exchange
185311789,68.3175,0.873777,Exchange
185578103,68.398,0.841277,Exchange
185828227,68.4632,0.804997,Exchange
186078232,68.5182,0.763871,Exchange
186328963,68.5628,0.718524,Exchange
186595166,68.5984,0.666829,Exchange
186845200,68.621,0.615885,Exchange
187111236,68.6333,0.560195,Exchange
187361456,68.634,0.509908,Exchange
187628087,68.6233,0.485618,Exchange
187894804,68.6012,0.460088,Exchange
188148733,68.5697,0.434974,Exchange
188411225,68.527,0.408537,Exchange
188663724,68.4766,0.38299,Exchange
188928832,68.4144,0.356409,Exchange
189197148,68.3423,0.330138,Exchange
189462253,68.2629,0.30518,Exchange
189728737,68.1754,0.3,Exchange
189995761,68.081,0.3,Exchange
190263920,67.9802,0.3,Exchange
190529421,67.8753,0.3,Exchange
190796890,67.7654,0.3,Exchange
191061393,67.6535,0.3,Exchange
191311761,67.5454,0.3,Exchange
191577840,67.429,0.325955,Exchange
191828114,67.3191,0.358582,Exchange
192094592,67.2022,0.394031,Exchange
192344967,67.0935,0.427266,Exchange
192611567,66.9796,0.461777,Exchange
192877781,66.8687,0.494528,Exchange
193127788,66.7678,0.523035,Exchange
193378312,66.6705,0.548799,Exchange
193644704,66.5719,0.572513,Exchange
193894823,66.4844,0.590828,Exchange
194161472,66.3973,0.6057,Exchange
194411625,66.3217,0.614976,Exchange
194677884,66.2483,0.640487,Exchange
194928128,66.1863,0.664068,Exchange
195178227,66.1314,0.683518,Exchange
195428310,66.0839,0.698651,Exchange
195678627,66.0439,0.709369,Exchange
195945134,66.0097,0.715896,Exchange
196195205,65.9856,0.717524,Exchange
196461800,65.9685,0.714661,Exchange
196727980,65.9601,0.707366,Exchange
196978225,65.9602,0.696821,Exchange
197228308,65.9677,0.683112,Exchange
197494753,65.9836,0.665521,Exchange
197761485,66.0076,0.645405,Exchange
198028212,66.0391,0.623407,Exchange
198278329,66.0752,0.614265,Exchange
198544305,66.12,0.620932,Exchange
198794925,66.1679,0.624322,Exchange
199044938,66.2207,0.624864,Exchange
199310523,66.2816,0.622325,Exchange
199561426,66.3432,0.617013,Exchange
199828331,66.4124,0.60833,Exchange
200095014,66.4848,0.596656,Exchange
200361627,66.5595,0.582158,Exchange
200628270,66.636,0.565039,Exchange
200881580,66.7097,0.546573,Exchange
201144380,66.7864,0.525409,Exchange
201394971,66.8592,0.503591,Exchange
201645113,66.9311,0.4805,Exchange
201911367,67.006,0.454809,Exchange
202177956,67.0786,0.428299,Exchange
202444634,67.1485,0.431659,Exchange
202711256,67.2148,0.439643,Exchange
202961352,67.2733,0.448012,Exchange
203228023,67.3314,0.457433,Exchange
203493872,67.3843,0.467985,Exchange
203744604,67.4293,0.498518,Exchange
204011240,67.4717,0.528459,Exchange
204261312,67.5059,0.55355,Exchange
204527984,67.5364,0.57651,Exchange
204778279,67.5592,0.594018,Exchange
205028986,67.5762,0.607252,Exchange
205295156,67.5879,0.616279,Exchange
205561573,67.5929,0.619925,Exchange
205828690,67.5914,0.618079,Exchange
206095680,67.5834,0.610775,Exchange
206362608,67.5691,0.598191,Exchange
206628837,67.5489,0.580679,Exchange
206894736,67.5228,0.55866,Exchange
207144757,67.4934,0.534292,Exchange
207411038,67.4572,0.505022,Exchange
207661726,67.4189,0.474951,Exchange
207927945,67.3741,0.441069,Exchange
208195158,67.3254,0.405839,Exchange
208460902,67.2738,0.374513,Exchange
208711098,67.2229,0.365055,Exchange
208963371,67.1696,0.357565,Exchange
209230328,67.1119,0.378852,Exchange
209497307,67.0533,0.405851,Exchange
209763915,66.9944,0.432729,Exchange
210030628,66.936,0.459147,Exchange
210297844,66.8784,0.484761,Exchange
210564439,66.8225,0.509096,Exchange
210831369,66.7687,0.531891,Exchange
211097823,66.7178,0.552749,Exchange
211364461,66.6701,0.571425,Exchange
211631789,66.6261,0.587676,Exchange
211894503,66.5871,0.601004,Exchange
212144628,66.5542,0.611088,Exchange
212411541,66.5241,0.6189,Exchange
212677853,66.4994,0.623551,Exchange
212944658,66.4805,0.624995,Exchange
213211400,66.4675,0.644991,Exchange
213477987,66.4607,0.674629,Exchange
213728058,66.4601,0.700323,Exchange
213994753,66.4655,0.724781,Exchange
214244799,66.4765,0.744354,Exchange
214511117,66.4943,0.761032,Exchange
214761510,66.5167,0.772305,Exchange
215028102,66.5465,0.779174,Mixed
215294852,66.5822,0.780394,Mixed
215545087,66.6207,0.776178,Mixed
215811627,66.6669,0.765862,Mixed
216077772,66.7179,0.749573,Mixed
216344369,66.7735,0.727395,Mixed
216611419,66.8332,0.699574,Mixed
216878145,66.8963,0.666596,Mixed
217144425,66.9622,0.629029,Mixed
217411770,67.0308,0.587298,Mixed
217678078,67.1008,0.5631,Mixed
217944712,67.1719,0.537706,Mixed
218211285,67.2434,0.508794,Mixed
218477296,67.3146,0.477117,Mixed
218727925,67.3807,0.445364,Mixed
218994557,67.4496,0.410318,Mixed
219247641,67.5128,0.376591,Mixed
219514169,67.5766,0.341398,Mixed
219781280,67.637,0.307291,Mixed
220047974,67.693,0.3,Mixed
220314996,67.7444,0.3,Mixed
220581752,67.7904,0.3,Mixed
220844322,67.8298,0.3,Mixed
221094499,67.8617,0.3,Mixed
221344589,67.8876,0.3,Mixed
221594801,67.9072,0.3,Mixed
221844874,67.9203,0.3,Mixed
222094922,67.9265,0.3,Mixed
222361384,67.9255,0.3,Mixed
222628067,67.9163,0.3232,Mixed
222894651,67.899,0.349062,Mixed
223144739,67.8752,0.373996,Mixed
223397907,67.8438,0.399571,Mixed
223661960,67.8032,0.426246,Mixed
223928664,67.7544,0.460013,Mixed
224195830,67.6977,0.519973,Mixed
224461889,67.6339,0.579717,Mixed
224730125,67.5625,0.638776,Mixed
224995700,67.4853,0.69491,Mixed
225262395,67.4017,0.747798,Mixed
225529478,67.3124,0.796182,Mixed
225796189,67.2184,0.83893,Mixed
226062990,67.1201,0.875237,Mixed
226329743,67.0184,0.904324,Mixed
226596853,66.9137,0.925604,Mixed
226863587,66.8072,0.938562,Mixed
227130682,66.6994,0.942941,Mixed
227397372,66.5915,0.938616,Mixed
227664278,66.4841,0.925646,Mixed
227930889,66.3781,0.904296,Mixed
228197863,66.2744,0.87492,Mixed
228464883,66.1738,0.838108,Mixed
228731354,66.0774,0.794687,Mixed
228998097,65.9857,0.745393,Mixed
229265482,65.8995,0.69111,Mixed
229532076,65.8201,0.633211,Mixed
229794771,65.7488,0.573591,Mixed
230061492,65.6843,0.511638,Mixed
230327998,65.6284,0.449526,Mixed
230594747,65.5816,0.388377,Mixed
230844841,65.5465,0.35362,Mixed
231111116,65.5189,0.327635,Mixed
231361422,65.5025,0.304147,Mixed
231627860,65.4955,0.3,Mixed
231877870,65.4991,0.3,Mixed
232144790,65.5138,0.3,Mixed
232411387,65.5398,0.3,Mixed
232678183,65.5772,0.3,Mixed
232944501,65.6258,0.3,Mixed
233211621,65.6857,0.3,Mixed
233479130,65.7566,0.3,Mixed
233745453,65.8377,0.3,Mixed
234012286,65.929,0.3,Mixed
234279080,66.03,0.3,Mixed
234546054,66.1401,0.3,Mixed
234812755,66.2584,0.313585,Mixed
235079945,66.3846,0.347984,Mixed
235346590,66.5174,0.383318,Mixed
235613402,66.6562,0.418834,Mixed
235879948,66.7999,0.453627,Mixed
236146853,66.9479,0.486945,Mixed
236414071,67.0991,0.52463,Mixed
236680409,67.2518,0.577657,Mixed
236947817,67.406,0.628146,Mixed
237214527,67.5596,0.674802,Mixed
237481578,67.712,0.71695,Mixed
237747939,67.8616,0.75369,Mixed
238015087,68.0081,0.784596,Mixed
238277230,68.1472,0.808664,Mixed
238528183,68.2752,0.825592,Mixed
238794144,68.4042,0.836817,Mixed
239044452,68.5186,0.84102,Mixed
239311242,68.632,0.838794,Mixed
239561497,68.7295,0.830617,Mixed
239828187,68.8232,0.815756,Mixed
240094872,68.9056,0.79503,Mixed
240360940,68.9756,0.769097,Mixed
240611045,69.0298,0.74055,Mixed
240861450,69.0724,0.708567,Mixed
241128372,69.1042,0.671498,Mixed
241394496,69.1217,0.632331,Mixed
241661891,69.1247,0.610346,Mixed
241928254,69.1128,0.599286,Mixed
242195231,69.0859,0.58533,Mixed
242461816,69.044,0.56873,Mixed
242728465,68.9873,0.549699,Mixed
242995108,68.9158,0.528516,Mixed
243262006,68.8299,0.505462,Mixed
243528519,68.7302,0.480925,Mixed
243795500,68.6167,0.455179,Mixed
244061590,68.4909,0.428728,Mixed
244328780,68.3524,0.401753,Mixed
244595467,68.2029,0.374804,Mixed
244862156,68.0429,0.348217,Mixed
245128719,67.8736,0.322387,Mixed
245395324,67.6959,0.3,Mixed
245661976,67.511,0.315619,Mixed
245929073,67.3198,0.350091,Mixed
246195253,67.1245,0.385397,Mixed
246462068,66.9253,0.420896,Mixed
246728213,66.7245,0.455571,Mixed
246995604,66.522,0.488837,Mixed
247261766,66.3212,0.519595,Mixed
247528599,66.122,0.547336,Mixed
247795191,65.9264,0.571296,Mixed
248061988,65.7357,0.590944,Mixed
248328602,65.5513,0.605781,Mixed
248595058,65.3747,0.615464,Mixed
248845252,65.2171,0.619667,Mixed
249095262,65.0685,0.619044,Mixed
249361991,64.9209,0.613081,Mixed
249626902,64.7866,0.601885,Mixed
249878504,64.6715,0.586623,Mixed
250145419,64.5634,0.565872,Mixed
250411990,64.4709,0.550861,Mixed
250678616,64.3945,0.547656,Mixed
250945176,64.3351,0.542463,Mixed
251212008,64.2931,0.535645,Mixed
251477174,64.2691,0.527677,Mixed
251727529,64.2632,0.519462,Mixed
251978824,64.2737,0.510931,Mixed
252246596,64.3031,0.501965,Mixed
252513565,64.3512,0.514476,Mixed
252780759,64.418,0.536883,Mixed
253047204,64.5028,0.55726,Mixed
253313477,64.6055,0.575368,Mixed
253580485,64.7258,0.591,Mixed
253847642,64.863,0.603885,Mixed
254114508,65.016,0.613817,Mixed
254380929,65.1838,0.620661,Mixed
254647829,65.3661,0.62434,Mixed
254914428,65.561,0.624789,Mixed
255181266,65.768,0.622002,Mixed
255448400,65.9856,0.616009,Mixed
255715620,66.2125,0.606896,Mixed
255981210,66.4456,0.594877,Mixed
256248478,66.6862,0.579975,Mixed
256511327,66.9273,0.58046,Mixed
256781642,67.1782,0.595387,Mixed
257048666,67.4273,0.608963,Mixed
257315134,67.6755,0.620819,Mixed
257581180,67.9211,0.630465,Mixed
257849088,68.1645,0.637495,Mixed
258115159,68.4008,0.641399,Mixed
258378601,68.6277,0.641901,Mixed
258628647,68.8351,0.639047,Mixed
258878771,69.0335,0.632791,Mixed
259145373,69.2336,0.622295,Mixed
259395389,69.4093,0.61456,Mixed
259662713,69.5831,0.619546,Mixed
259929135,69.7405,0.619035,Mixed
260196185,69.8812,0.613045,Mixed
260463249,70.0038,0.601715,Mixed
260729556,70.1069,0.585368,Mixed
260994475,70.1897,0.56449,Mixed
261264276,70.2531,0.539006,Mixed
261530303,70.2942,0.510309,Mixed
261798515,70.3137,0.478485,Mixed
262063784,70.311,0.444905,Mixed
262330776,70.2861,0.409799,Mixed
262597209,70.239,0.374294,Mixed
262863716,70.1697,0.339153,Mixed
263130778,70.0785,0.305156,Mixed
263397682,69.9658,0.3,Mixed
263664286,69.8324,0.3,Mixed
263930861,69.6789,0.3,Mixed
264197867,69.506,0.3,Mixed
264464554,69.315,0.318328,Mixed
264731469,69.1069,0.344038,Mixed
264997893,68.8833,0.370505,Mixed
265264562,68.6451,0.39742,Mixed
265532216,68.3931,0.424471,Mixed
265798211,68.1313,0.451004,Mixed
266061282,67.863,0.476529,Mixed
266311569,67.6005,0.499825,Mixed
266561884,67.3326,0.521858,Mixed
266812170,67.0608,0.542344,Mixed
267065474,66.7834,0.561239,Mixed
267328151,66.495,0.594242,Mixed
267595299,66.2029,0.64384,Mixed
267845495,65.9321,0.688642,Mixed
268095524,65.6659,0.730957,Mixed
268345804,65.4054,0.770041,Mixed
268612635,65.136,0.807237,Mixed
268878334,64.8783,0.83886,Mixed
269128764,64.6464,0.863047,Mixed
269394778,64.4136,0.882161,Mixed
269644886,64.2088,0.893508,Mixed
269895213,64.0189,0.898118,Mixed
270147046,63.8442,0.895756,Mixed
270413868,63.6784,0.885524,Mixed
270680419,63.5337,0.867446,Mixed
270947233,63.4109,0.841737,Mixed
271213883,63.3114,0.808843,Mixed
271480812,63.2356,0.769272,Mixed
271747549,63.1845,0.7238,Mixed
272014387,63.1584,0.673222,Mixed
272280417,63.1578,0.618682,Mixed
272547212,63.1827,0.560907,Mixed
272814225,63.2333,0.501123,Mixed
273080636,63.3091,0.440692,Mixed
273347865,63.4104,0.385277,Mixed
273614053,63.5357,0.349972,Mixed
273881106,63.6853,0.31551,Mixed
274148189,63.858,0.3,Mixed
274414824,64.0525,0.3,Mixed
274681488,64.2678,0.3,Mixed
274947526,64.5021,0.3,Mixed
275215172,64.7559,0.3,Mixed
275481681,65.0252,0.3,Mixed
275748131,65.3092,0.3,Mixed
276014869,65.6065,0.3,Mixed
276281298,65.9145,0.3,Mixed
276545318,66.2286,0.3,Mixed
276811918,66.5528,0.3,Mixed
277078334,66.8818,0.3,Mixed
277328383,67.193,0.3,Mixed
277595153,67.5257,0.3,Mixed
277861759,67.8566,0.3,Mixed
278111782,68.1636,0.309411,Mixed
278378259,68.4851,0.357266,Mixed
278628791,68.7801,0.414298,Mixed
278894987,69.0838,0.476049,Mixed
279144999,69.3582,0.534059,Mixed
279395073,69.6203,0.591068,Mixed
279661679,69.8843,0.649617,Mixed
279928522,70.131,0.704796,Mixed
280195413,70.3583,0.755488,Mixed
280461899,70.5642,0.800648,Mixed
280728272,70.7475,0.83949,Mixed
280978464,70.8981,0.869598,Mixed
281230228,71.0275,0.89317,Mixed
281497028,71.1393,0.910394,Mixed
281763591,71.2242,0.919377,Mixed
282029976,71.2815,0.920049,Mixed
282296966,71.3108,0.912471,Mixed
282563682,71.3117,0.896901,Mixed
282830196,71.2841,0.873762,Mixed
283096753,71.2279,0.843598,Mixed
283363875,71.1433,0.807023,Mixed
283631941,71.0303,0.764755,Mixed
283897128,70.8914,0.718371,Mixed
284164320,70.7249,0.668041,Mixed
284432050,70.5325,0.615055,Mixed
284697432,70.3176,0.561101,Mixed
284961191,70.0813,0.52194,Mixed
285211863,69.8372,0.49988,Mixed
285478357,69.5584,0.475043,Mixed
285745046,69.261,0.449108,Mixed
286011159,68.948,0.422525,Mixed
286261769,68.6401,0.397188,Mixed
286530118,68.2982,0.370106,Mixed
286794914,67.9509,0.343808,Mixed
287044945,67.6156,0.319702,Mixed
287295198,67.275,0.3,Mixed
287562277,66.9082,0.3,Mixed
287828320,66.5418,0.3,Mixed
288095163,66.1756,0.3,Mixed
288361480,65.8139,0.3,Mixed
288628215,65.4579,0.3,Mixed
288878319,65.1319,0.301159,Mixed
289145464,64.7942,0.334963,Mixed
289411758,64.4707,0.369973,Mixed
289678207,64.1622,0.40548,Mixed
289928456,63.8884,0.438508,Mixed
290180173,63.63,0.470699,Mixed
290447725,63.3761,0.503018,Mixed
290715467,63.145,0.532641,Mixed
290980150,62.9408,0.558553,Mixed
291247278,62.7607,0.580683,Mixed
291513357,62.6085,0.598186,Mixed
291779940,62.4843,0.610759,Mixed
292047026,62.3893,0.618073,Mixed
292313496,62.3245,0.631105,Mixed
292580362,62.2903,0.652874,Mixed
292848057,62.2871,0.670193,Mixed
293113908,62.315,0.682752,Mixed
293380343,62.3739,0.690653,Mixed
293648592,62.4642,0.693936,Mixed
293913940,62.5836,0.692748,Mixed
294177997,62.7316,0.687457,Mixed
294428466,62.8981,0.678971,Mixed
294695055,63.1021,0.666651,Mixed
294945632,63.318,0.65242,Mixed
295212008,63.5718,0.635,Mixed
295478767,63.8496,0.615765,Mixed
295745059,64.1487,0.604291,Mixed
296011728,64.468,0.614109,Mixed
296263216,64.7856,0.620549,Mixed
296529637,65.1373,0.624292,Mixed
296794642,65.5005,0.624821,Mixed
297044918,65.8538,0.622388,Mixed
297295076,66.2147,0.61714,Mixed
297545101,66.5811,0.609149,Mixed
297796005,66.9524,0.59847,Mixed
298062733,67.3488,0.584351,Mixed
298329286,67.7439,0.567591,Mixed
298596115,68.1358,0.548401,Mixed
298862841,68.5214,0.527083,Mixed
299129645,68.8984,0.503929,Mixed
299396328,69.2639,0.47929,Mixed
299663122,69.6158,0.4535,Mixed
299929715,69.9514,0.455622,Mixed
300196525,70.2688,0.463572,Mixed
300463181,70.5655,0.472149,Mixed
300730059,70.8399,0.480904,Mixed
300997579,71.0903,0.489387,Mixed
301263371,71.3131,0.500987,Mixed
301530277,71.509,0.530721,Mixed
301798944,71.6768,0.55725,Mixed
302063630,71.8121,0.579426,Mixed
302328089,71.9164,0.597134,Mixed
302578572,71.9861,0.609425,Mixed
302845020,72.0287,0.617422,Mixed
303095320,72.0387,0.619998,Mixed
303361942,72.0172,0.617419,Mixed
303628868,71.9625,0.609401,Mixed
303895360,71.8751,0.596161,Mixed
304162097,71.7552,0.577986,Mixed
304428637,71.6039,0.55534,Mixed
304695991,71.4212,0.528662,Mixed
304960167,71.2114,0.499031,Mixed
305211691,70.9859,0.468434,Mixed
305462148,70.7375,0.43631,Mixed
305712179,70.4673,0.403268,Mixed
305962188,70.1764,0.369949,Mixed
306228558,69.8455,0.341702,End
306478790,69.5168,0.333585,End
306728912,69.1729,0.354844,End
306994855,68.7926,0.381483,End
307245371,68.4226,0.406826,End
307511463,68.0198,0.433642,End
307778138,67.6083,0.460033,End
308044639,67.1921,0.485545,End
308311888,66.7725,0.509893,End
308577978,66.3552,0.53256,End
308829939,65.963,0.552278,End
309080282,65.5785,0.569933,End
309346311,65.178,0.586329,End
309613562,64.7868,0.600114,End
309879731,64.4109,0.610971,End
310147139,64.0494,0.618833,End
310413463,63.708,0.623519,End
310680195,63.387,0.643114,End
310947445,63.0885,0.67594,End
311214390,62.8155,0.706402,End
311481176,62.5696,0.733747,End
311747617,62.3526,0.757237,End
312014399,62.1655,0.776264,End
312276914,62.0121,0.790027,End
312527881,61.8949,0.79815,End
312778947,61.8071,0.801024,End
313045231,61.7469,0.798078,End
313311966,61.7211,0.788801,End
313578563,61.7299,0.773191,End
313845016,61.7733,0.751388,End
314111589,61.8512,0.723642,End
314378423,61.9631,0.690332,End
314645234,62.1085,0.652027,End
314911858,62.2861,0.609416,End
315177589,62.4943,0.563406,End
315427907,62.7177,0.539184,End
315678731,62.9667,0.512232,End
315945170,63.2574,0.480787,End
316211852,63.5735,0.447146,End
316462079,63.891,0.414325,End
316728398,64.2493,0.378848,End
316978654,64.6029,0.345738,End
317229008,64.9711,0.313546,End
317495170,65.376,0.3,End
317745509,65.7672,0.3,End
318011596,66.1913,0.3,End
318262322,66.5965,0.3,End
318528870,67.0303,0.3,End
318795230,67.4643,0.3,End
319061853,67.8963,0.3,End
319328465,68.323,0.3,End
319595036,68.7416,0.3,End
319861862,69.1497,0.3,End
320128309,69.5436,0.301015,End
320395225,69.9221,0.32594,End
320661990,70.2816,0.351916,End
320928403,70.6195,0.378549,End
321195461,70.9349,0.405556,End
321461855,71.2241,0.44405,End
321728510,71.4862,0.504715,End
321995088,71.719,0.565571,End
322260921,71.9206,0.625259,End
322511532,72.0815,0.679549,End
322762119,72.2131,0.730929,End
323028635,72.32,0.781359,End
323278783,72.3886,0.823847,End
323529045,72.4262,0.860877,End
323795089,72.4318,0.89349,End
324061847,72.4018,0.918548,End
324312061,72.3413,0.934633,End
324579529,72.2424,0.943543,End
324845721,72.1096,0.943729,End
325113172,71.9422,0.935178,End
325379276,71.7432,0.918141,End
325646779,71.5117,0.89278,End
325913219,71.2513,0.859817,End
326179738,70.9626,0.819814,End
326446706,70.6472,0.773499,End
326713022,70.3084,0.721997,End
326980094,69.9466,0.66607,End
327246898,69.5655,0.607039,Idle
327515243,69.1649,0.545676,Idle
327781639,68.7527,0.484001,Idle
328048463,68.3281,0.422696,Idle
328314771,67.8953,0.380496,Idle
328581117,67.4562,0.353834,Idle
328848833,67.0116,0.327704,Idle
329110760,66.5763,0.30315,Idle
329361544,66.1618,0.3,Idle
329611591,65.7531,0.3,Idle
329862548,65.3499,0.3,Idle
330115530,64.953,0.3,Idle
330382371,64.5473,0.3,Idle
330648977,64.1579,0.3,Idle
330911638,63.7922,0.3,Idle
331178561,63.4415,0.3,Idle
331445213,63.1143,0.3,Idle
331711747,62.8126,0.3,Idle
331961805,62.5545,0.3,Idle
332211840,62.3219,0.301308,Idle
332462327,62.1159,0.332965,Idle
332730005,61.927,0.368105,Idle
332996897,61.7719,0.403667,Idle
333264205,61.6511,0.438956,Idle
333530529,61.5658,0.472949,Idle
333782496,61.5178,0.503304,Idle
334044611,61.502,0.532309,Idle
334295858,61.5195,0.577079,Idle
334561204,61.5727,0.624964,Idle
334811357,61.6552,0.666733,Idle
335063841,61.7698,0.704873,Idle
335330314,61.924,0.74009,Idle
335597112,62.1118,0.769595,Idle
335863524,62.3314,0.79286,Idle
336130557,62.5822,0.809655,Idle
336397915,62.8625,0.819761,Idle
336664536,63.1691,0.823135,Idle
336931354,63.5011,0.819932,Idle
337197836,63.8557,0.810427,Idle
337465020,64.2318,0.794959,Idle
337731751,64.6254,0.774096,Idle
337998210,65.0342,0.748453,Idle
338264917,65.4561,0.718676,Idle
338531973,65.8887,0.685506,Idle
338798566,66.3278,0.649859,Idle
339065029,66.771,0.619962,Idle
339332194,67.2167,0.612695,Idle
339598680,67.6597,0.602389,Idle
339861535,68.0924,0.589373,Idle
340111597,68.4975,0.574532,Idle
340362120,68.8945,0.55745,Idle
340612317,69.2799,0.538395,Idle
340878723,69.6757,0.516185,Idle
341145916,70.0548,0.492234,Idle
341412524,70.4129,0.467009,Idle
341679401,70.7488,0.440793,Idle
341945871,71.0594,0.41403,Idle
342212815,71.3437,0.387019,Idle
342478992,71.5987,0.360271,Idle
342746086,71.8242,0.334003,Idle
343013051,72.0177,0.308699,Idle
343277676,72.1768,0.330676,Idle
343546544,72.3042,0.365909,Idle
343813592,72.3956,0.401485,Idle
344080050,72.4513,0.436708,Idle
344347080,72.4713,0.470889,Idle
344613953,72.4552,0.503115,Idle
344878036,72.4041,0.532345,Idle
345128154,72.3236,0.556966,Idle
345378314,72.2125,0.578083,Idle
345644955,72.0609,0.596229,Idle
345911325,71.8765,0.609443,Idle
346161396,71.6744,0.617095,Idle
346414205,71.4429,0.619982,Idle
346681028,71.1703,0.617676,Idle
346948059,70.8703,0.60992,Idle
347214376,70.5461,0.596941,Idle
347481020,70.1984,0.57901,Idle
347748361,69.8292,0.556502,Idle
348014581,69.4433,0.530119,Idle
348281735,69.0403,0.522537,Idle
348548478,68.625,0.515961,Idle
348810944,68.2063,0.508402,Idle
349061521,67.7998,0.500561,Idle
349311603,67.3899,0.492509,Idle
349561936,66.9777,0.484605,Idle
349828924,66.5388,0.476768,Idle
350095728,66.1037,0.500582,Idle
350362516,65.6751,0.523963,Idle
350629021,65.2561,0.545538,Idle
350895809,64.8486,0.565041,Idle
351162431,64.4559,0.582159,Idle
351429081,64.0804,0.596659,Idle
351696173,63.724,0.608347,Idle
351963761,63.389,0.617043,Idle
352229972,63.0798,0.622575,Idle
352496615,62.7963,0.624918,Idle
352761895,62.5419,0.62404,Idle
353029784,62.3148,0.619916,Idle
353296874,62.1196,0.612628,Idle
353563893,61.9568,0.602274,Idle
353830503,61.8276,0.589026,Idle
354096455,61.7327,0.601939,Idle
354360852,61.6726,0.618239,Idle
354611698,61.6474,0.632265,Idle
354861700,61.6533,0.644386,Idle
355111905,61.69,0.654229,Idle
355363106,61.7577,0.66141,Idle
355630770,61.8633,0.665689,Idle
355897589,62.0022,0.666148,Idle
356164563,62.1738,0.662537,Idle
356428573,62.3745,0.654796,Idle
356699462,62.6109,0.642473,Idle
356961241,62.8673,0.626388,Idle
357211680,63.1366,0.619874,Idle
357461765,63.4274,0.618561,Idle
357728130,63.7593,0.611887,Idle
357994660,64.112,0.599917,Idle
358244970,64.4599,0.584111,Idle
358511894,64.8464,0.562766,Idle
358778425,65.2457,0.537328,Idle
359044717,65.6554,0.508404,Idle
359295175,66.048,0.478613,Idle
359561417,66.4707,0.444914,Idle
359811643,66.8703,0.412036,Idle
360062168,67.2704,0.378654,Idle
360312441,67.6678,0.345545,Idle
360578199,68.0847,0.311426,Idle
360828666,68.4704,0.3,Idle
361095041,68.8703,0.3,Idle
361345312,69.2342,0.3,Idle
361610980,69.6055,0.3,Idle
361861799,69.9398,0.3,Idle
362113826,70.2577,0.309984,Idle
362380895,70.5731,0.335356,Idle
362646587,70.8628,0.361523,Idle
362913873,71.1281,0.388401,Idle
363180503,71.3651,0.41538,Idle
363445725,71.5719,0.441998,Idle
363711682,71.7489,0.468089,Idle
363961844,71.8868,0.491749,Idle
364212151,71.9961,0.514259,Idle
364478400,72.0805,0.536608,Idle
364728489,72.1292,0.559277,Idle
364981200,72.1483,0.608739,Idle
365244956,72.1358,0.659208,Idle
365515223,72.0887,0.708636,Idle
365781493,72.009,0.754024,Idle
366048345,71.8963,0.795226,Idle
366315420,71.7517,0.831248,Idle
366581774,71.5766,0.86116,Idle
366848581,71.3716,0.884394,Idle
367115497,71.1383,0.900322,Idle
367377362,70.8836,0.908417,Idle
367628220,70.6172,0.908929,Idle
367878607,70.3309,0.902268,Idle
368128989,70.0261,0.888469,Idle
368395697,69.6831,0.866101,Idle
368662483,69.3233,0.83616,Idle
368928896,68.9498,0.799222,Idle
369195366,68.5645,0.755901,Idle
369445444,68.1945,0.710159,Idle
369712061,67.7937,0.656838,Idle
369977863,67.39,0.6,Idle
370227929,67.0089,0.544152,Idle
370478272,66.6284,0.486919,Idle
370728738,66.251,0.429329,Idle
370994805,65.856,0.368918,Idle
371245359,65.4919,0.332559,Idle
371511797,65.1156,0.3,Idle
371778134,64.7529,0.3,Idle
372028331,64.4267,0.3,Idle
372294887,64.0965,0.3,Idle
372545053,63.8049,0.3,Idle
372811967,63.5152,0.3,Idle
373078122,63.25,0.3,Idle
373328152,63.0241,0.3,Idle
373597821,62.8069,0.3,Idle
373861372,62.6226,0.3,Idle
374111934,62.474,0.3,Idle
374378174,62.3454,0.3,Idle
374628272,62.2527,0.3,Idle
374878290,62.1878,0.3,Idle
375131535,62.1507,0.3,Idle
375396397,62.1427,0.3,Idle
375664940,62.1667,0.31638,Idle
375931038,62.2223,0.350752,Idle
376197729,62.3091,0.407501,Idle
376462306,62.4254,0.468294,Idle
376731780,62.5739,0.53022,Idle
376994842,62.7469,0.589491,Idle
377261753,62.9497,0.647265,Idle
377528643,63.1784,0.701533,Idle
377794929,63.4307,0.751148,Idle
378061459,63.7058,0.795338,Idle
378328038,64.0016,0.83324,Idle
378578225,64.2961,0.862472,Idle
378828358,64.6051,0.885102,Idle
379078366,64.9267,0.900807,Idle
379328802,65.2596,0.909415,Idle
379598226,65.6277,0.910639,Idle
379861636,65.9951,0.903867,Idle
380127714,66.3712,0.889274,Idle
380378551,66.7282,0.868739,Idle
380645015,67.1077,0.84024,Idle
380911389,67.4848,0.805532,Idle
381161445,67.8346,0.767996,Idle
381411452,68.1781,0.726423,Idle
381678048,68.5354,0.678535,Idle
381945381,68.882,0.627838,Idle
382211459,69.2132,0.575779,Idle
382461552,69.51,0.541461,Idle
382711558,69.791,0.520923,Idle
382978576,70.072,0.497307,Idle
383244936,70.3309,0.472351,Idle
383511496,70.567,0.446336,Idle
383777993,70.7786,0.419662,Idle
384028379,70.9539,0.394336,Idle
384281334,71.107,0.368825,Idle
384544873,71.2399,0.34268,Idle
384811721,71.346,0.317028,Idle
385081429,71.4238,0.3,Idle
385344839,71.4706,0.3,Idle
385594942,71.4882,0.3,Idle
385861440,71.4783,0.3,Idle
386112075,71.4422,0.3,Idle
386378373,71.3757,0.301449,Idle
386628513,71.2874,0.333067,Idle
386878705,71.1745,0.365889,Idle
387145038,71.0284,0.401369,Idle
387411541,70.8564,0.4366,Idle
387661656,70.6726,0.46867,Idle
387928025,70.4544,0.50099,Idle
388178258,70.2297,0.528958,Idle
388444879,69.9709,0.555529,Idle
388711394,69.6939,0.578142,Idle
388961996,69.4185,0.59532,Idle
389228306,69.1119,0.608822,Idle
389478656,68.8124,0.616768,Idle
389744689,68.4842,0.619979,Idle
389994808,68.1683,0.623906,Idle
390261868,67.8253,0.641703,Idle
390528117,67.4796,0.655178,Idle
390794654,67.1322,0.664324,Idle
391045035,66.8068,0.668986,Idle
391311591,66.4633,0.669898,Idle
391578128,66.1253,0.666861,Idle
391828199,65.8151,0.660707,Idle
392078287,65.5132,0.651688,Idle
392344827,65.2028,0.63935,Idle
392595102,64.9236,0.62565,Idle
392861584,64.6412,0.60933,Idle
393128029,64.3759,0.591781,Idle
393378177,64.1439,0.599594,Idle
393644763,63.9164,0.610589,Idle
393895074,63.7224,0.61816,Idle
394161392,63.538,0.623178,Idle
394411852,63.3864,0.624976,Idle
394678366,63.2491,0.623754,Idle
394945171,63.1373,0.619311,Idle
395211754,63.0516,0.611719,Idle
395478578,62.9925,0.601072,Idle
395745126,62.9602,0.587545,Idle
396011235,62.9548,0.571352,Idle
396261758,62.974,0.55386,Idle
396528312,63.0202,0.53311,Idle
396779334,63.0873,0.511814,Idle
397045304,63.1831,0.487701,Idle
397311938,63.3036,0.476232,Idle
397578408,63.4478,0.484242,Idle
397844810,63.6144,0.492728,Idle
398094884,63.7902,0.500722,Idle
398344979,63.9836,0.508356,Idle
398610532,64.2069,0.515655,Idle
398861736,64.4337,0.521423,Idle
399127448,64.6884,0.540977,Idle
399378050,64.9411,0.564516,Idle
399628213,65.2038,0.584343,Idle
399878311,65.4752,0.600082,Idle
400144864,65.7723,0.611993,Idle
400394920,66.0567,0.618357,Idle
400661502,66.3639,0.619859,Idle
400928173,66.6734,0.615875,Idle
401178222,66.9636,0.607236,Idle
401428245,67.2522,0.594038,Idle
401678652,67.5379,0.576526,Idle
401945213,67.8364,0.55358,Idle
402211535,68.1271,0.526756,Idle
402462732,68.3926,0.49846,Idle
402728133,68.6624,0.46608,Idle
402978347,68.9049,0.433891,Idle
403245357,69.1497,0.398541,Idle
403495365,69.3643,0.36524,Idle
403761627,69.5762,0.330362,Idle
404028117,69.7696,0.312439,Idle
404278377,69.9333,0.336285,Idle
404544979,70.0876,0.36257,Idle
404795139,70.2127,0.38773,Idle
405061377,70.3243,0.41467,Idle
405311667,70.4084,0.439811,Idle
405578228,70.4754,0.466025,Idle
405844826,70.5189,0.491293,Idle
406094909,70.5381,0.51381,Idle
406362137,70.5357,0.536272,Idle
406628261,70.5099,0.556686,Idle
406878832,70.4646,0.57386,Idle
407145501,70.3944,0.589707,Idle
407411566,70.3025,0.602799,Idle
407662268,70.1966,0.612481,Idle
407930439,70.0633,0.619845,Idle
408194412,69.9132,0.644184,Idle
408444886,69.7542,0.677641,Idle
408711368,69.5687,0.71095,Idle
408961750,69.3803,0.739386,Idle
409228499,69.1658,0.765899,Idle
409495114,68.9388,0.787803,Idle
409761751,68.7008,0.804485,Idle
410028601,68.4533,0.815417,Idle
410294996,68.1986,0.820161,Idle
410545133,67.9542,0.81874,Idle
410798276,67.7032,0.811363,Idle
411064999,67.4364,0.797099,Idle
411331858,67.1689,0.77627,Idle
411594285,66.907,0.749635,Idle
411845022,66.6595,0.718835,Idle
412095345,66.4164,0.683311,Idle
412361503,66.164,0.640909,Idle
412612098,65.9334,0.597288,Idle
412878686,65.6972,0.547763,Idle
413145253,65.4719,0.515735,Idle
413412247,65.2585,0.484526,Idle
413679027,65.0589,0.451082,Idle
413945356,64.8745,0.416238,Idle
414212957,64.7051,0.3806,Idle
414479305,64.5535,0.345352,Idle
414746304,64.4193,0.311086,Idle
415012117,64.3042,0.3,Idle
415279125,64.2076,0.3,Idle
415545678,64.1309,0.3,Idle
415811801,64.0742,0.3,Idle
416079379,64.0374,0.3,Idle
416346381,64.0209,0.3,Idle
416613065,64.0246,0.3,Idle
416879590,64.0481,0.3,Idle
417146622,64.0913,0.3,Idle
417413272,64.1535,0.3,Idle
417680037,64.2342,0.3,Idle
417947017,64.3327,0.308377,Idle
418213863,64.448,0.333654,Idle
418480689,64.5793,0.359885,Idle
418747583,64.7256,0.3867,Idle
419014202,64.8854,0.432204,Idle
419280897,65.0577,0.493529,Idle
419547676,65.2413,0.555172,Idle
419814513,65.4348,0.615905,Idle
420081239,65.6367,0.674478,Idle
420347914,65.8454,0.729735,Idle
420614989,66.06,0.780652,Idle
420881660,66.2782,0.826052,Idle
421148252,66.4987,0.865093,Idle
421415270,66.7205,0.897049,Idle
421681918,66.9413,0.921181,Idle
421944638,67.1568,0.936881,Idle
422194923,67.3588,0.944102,Idle
422460441,67.5684,0.94337,Idle
422711936,67.7612,0.93473,Idle
422978322,67.958,0.91733,Idle
423229127,68.1353,0.89351,Idle
423495385,68.3138,0.860821,Idle
423762415,68.4818,0.821044,Idle
424029292,68.6377,0.775105,Idle
424296159,68.7804,0.723919,Idle
424562089,68.9089,0.668726,Idle
424829338,69.0235,0.610165,Idle
425095210,69.1223,0.549998,Idle
425363415,69.2062,0.488589,Idle
425630248,69.2736,0.428002,Idle
425896575,69.3245,0.396331,Idle
426163732,69.3591,0.369377,Idle
426430439,69.3771,0.342908,Idle
426697378,69.3786,0.31724,Idle
426963997,69.3639,0.3,Idle
427230899,69.3333,0.3,Idle
427497567,69.2871,0.3,Idle
427764431,69.2258,0.3,Idle
428030968,69.1503,0.3,Idle
428298028,69.0609,0.3,Idle
428564019,68.959,0.3,Idle
428831520,68.8445,0.3,Idle
429098579,68.7191,0.3,Idle
429364819,68.5841,0.3,Idle
429631781,68.4397,0.3,Idle
429898565,68.2877,0.325059,Idle
430165300,68.1289,0.359833,Idle
430431747,67.965,0.39529,Idle
430694848,67.7989,0.430181,Idle
430945081,67.6382,0.462511,Idle
431195428,67.4758,0.49333,Idle
431461455,67.3026,0.523681,Idle
431711634,67.1402,0.549339,Idle
431978204,66.9688,0.58774,Idle
432244568,66.8005,0.632514,Idle
432494891,66.6459,0.670996,Idle
432745502,66.4956,0.705413,Idle
433011620,66.3418,0.736888,Idle
433277729,66.1951,0.762654,Idle
433545079,66.0557,0.782429,Idle
433811383,65.9257,0.795816,Idle
434061517,65.8123,0.802578,Idle
434314091,65.7071,0.803737,Idle
434579211,65.6071,0.798997,Idle
434846914,65.5177,0.788322,Idle
435113455,65.4406,0.77224,Idle
435380946,65.3756,0.751163,Idle
435649225,65.323,0.725688,Idle
435913085,65.284,0.697082,Idle
436180564,65.2571,0.665243,Idle
436445816,65.2433,0.631628,Idle
436714033,65.242,0.621689,Idle
436981148,65.2533,0.615477,Idle
437247875,65.2769,0.606172,Idle
437513002,65.312,0.593982,Idle
437780897,65.3589,0.578865,Idle
438046914,65.4163,0.561284,Idle
438314955,65.4845,0.541235,Idle
438580306,65.5615,0.519364,Idle
438845940,65.6474,0.495768,Idle
439113942,65.7422,0.470577,Idle
439377487,65.8425,0.444804,Idle
439629007,65.944,0.419614,Idle
439895169,66.0567,0.392691,Idle
440145449,66.167,0.367464,Idle
440395617,66.2803,0.342659,Idle
440649362,66.3979,0.332851,Idle
440911891,66.5212,0.348438,Idle
441178524,66.6473,0.383778,Idle
441445138,66.7734,0.419264,Idle
441711712,66.8984,0.454047,Idle
441961926,67.014,0.48532,Idle
442228476,67.1344,0.516414,Idle
442478511,67.2441,0.542855,Idle
442729994,67.3506,0.56621,Idle
442997035,67.4586,0.586904,Idle
443262958,67.5603,0.602827,Idle
443530396,67.656,0.613744,Idle
443797394,67.7445,0.619284,Idle
444063535,67.825,0.619346,Idle
444330947,67.8977,0.613914,Idle
444597797,67.9617,0.603135,Idle
444864131,68.0167,0.587296,Idle
445130550,68.0626,0.566752,Idle
445398182,68.0994,0.541874,Idle
445664329,68.1266,0.51351,Idle
445931325,68.1444,0.495975,Idle
446198274,68.1528,0.487903,Idle
446465056,68.152,0.47931,Idle
446731778,68.1422,0.47065,Idle
446994599,68.1238,0.462498,Idle
447244641,68.0988,0.455492,Idle
447494955,68.0666,0.46881,Idle
447761710,68.0248,0.493968,Idle
448012092,67.9791,0.516358,Idle
448265397,67.9269,0.537506,Idle
448531709,67.8661,0.557812,Idle
448798502,67.7998,0.575884,Idle
449065475,67.7286,0.591433,Idle
449327725,67.6547,0.604022,Idle
449578092,67.5811,0.613394,Idle
449828175,67.5052,0.620055,Idle
450079199,67.4272,0.62394,Idle
450345877,67.3432,0.624941,Idle
450612647,67.2586,0.622705,Idle
450879216,67.1742,0.617268,Idle
451145867,67.0908,0.608705,Idle
451412609,67.0089,0.603008,Idle
451679498,66.9293,0.622604,Idle
451946611,66.8526,0.64078,Idle
452213233,66.7796,0.656895,Idle
452480220,66.7107,0.67043,Idle
452746237,66.6467,0.680803,Idle
453013782,66.5876,0.687628,Idle
453280511,66.5342,0.690434,Idle
453547050,66.4868,0.688936,Idle
453813773,66.4457,0.682917,Idle
454081017,66.411,0.672237,Idle
454347087,66.3832,0.656981,Idle
454613838,66.3622,0.637168,Idle
454880254,66.3481,0.6195,Idle
455148216,66.341,0.614387,Idle
455414400,66.3407,0.603952,Idle
455681183,66.3472,0.588387,Idle
455948309,66.3603,0.568052,Idle
456214968,66.3797,0.543499,Idle
456481620,66.4051,0.515282,Idle
456748845,66.4363,0.484004,Idle
457014233,66.4725,0.45071,Idle
457281676,66.5139,0.415707,Idle
457548443,66.5595,0.380177,Idle
457815544,66.6091,0.344838,Idle
458078255,66.661,0.311131,Idle
458349123,66.7174,0.3,Idle
458615407,66.7749,0.3,Idle
458878552,66.8332,0.3,Idle
459145084,66.8932,0.3,Idle
459411846,66.9534,0.3,Idle
459678654,67.0133,0.3,Idle
459944593,67.072,0.318626,Idle
460211815,67.1294,0.344378,Idle
460478474,67.1845,0.370877,Idle
460745481,67.2369,0.397829,Idle
461012011,67.286,0.424765,Idle
461278639,67.3312,0.451355,Idle
461545073,67.3722,0.477187,Idle
461811688,67.4084,0.501928,Idle
462077526,67.4396,0.525138,Idle
462328253,67.464,0.56161,Idle
462594960,67.4845,0.615568,Idle
462861823,67.4991,0.668124,Idle
463128095,67.5076,0.718043,Idle
463378445,67.5099,0.761742,Idle
463630597,67.5067,0.801728,Idle
463897755,67.4972,0.838819,Idle
464163630,67.4816,0.869534,Idle
464431439,67.4598,0.89351,Idle
464698140,67.4321,0.909865,Idle
464964548,67.3988,0.918284,Idle
465231772,67.36,0.918509,Idle
465498153,67.3163,0.910442,Idle
465765273,67.2679,0.89411,Idle
466031425,67.2154,0.869868,Idle
466294186,67.16,0.838527,Idle
466565290,67.0995,0.799052,Idle
466831818,67.0374,0.753898,Idle
467098960,66.9731,0.703183,Idle
467365338,66.9075,0.648141,Idle
467628327,66.842,0.590457,Idle
467899051,66.7744,0.528768,Idle
468165767,66.7083,0.466908,Idle
468428421,66.6443,0.406133,Idle
468694495,66.5813,0.345915,Idle
468961610,66.5205,0.304865,Idle
469211966,66.4663,0.3,Idle
469478475,66.4122,0.3,Idle
469744721,66.3624,0.3,Idle
470012159,66.3171,0.3,Idle
470277815,66.2775,0.3,Idle
470527955,66.2455,0.3,Idle
470779918,66.2188,0.3,Idle
471047415,66.1968,0.3,Idle
471313618,66.1819,0.3,Idle
471580345,66.1742,0.3,Idle
471847163,66.174,0.3,Idle
472113922,66.1814,0.3,Idle
472380378,66.1964,0.3,Idle
472647920,66.2193,0.3,Idle
472913934,66.2497,0.3,Idle
473181048,66.2879,0.31871,Idle
473447490,66.3334,0.353218,Idle
473714774,66.3863,0.389503,Idle
473981613,66.446,0.449877,Idle
474248455,66.5122,0.510505,Idle
474515136,66.5845,0.570148,Idle
474781476,66.6623,0.6276,Idle
475048740,66.7455,0.682006,Idle
475315458,66.8329,0.732017,Idle
475582628,66.9244,0.776876,Idle
475848152,67.0184,0.815444,Idle
476115774,67.1155,0.847553,Idle
476382491,67.2141,0.872251,Idle
476648740,67.3133,0.889243,Idle
476911564,67.4113,0.898285,Idle
477161694,67.504,0.899697,Idle
477411694,67.5953,0.894177,Idle
477662539,67.6849,0.881876,Idle
477929279,67.7772,0.86173,Idle
478196087,67.8657,0.834816,Idle
478462388,67.9494,0.801866,Idle
478728943,68.0277,0.763569,Idle
478996256,68.1001,0.720698,Idle
479262713,68.1654,0.674461,Idle
479530352,68.2235,0.62551,Idle
479796891,68.2731,0.575296,Idle
480063777,68.3142,0.551913,Idle
480330293,68.346,0.530964,Idle
480597935,68.3683,0.508033,Idle
480864000,68.3805,0.483685,Idle
481130778,68.3824,0.45807,Idle
481397527,68.3739,0.431621,Idle
481663731,68.3548,0.404773,Idle
481930789,68.3249,0.37777,Idle
482196760,68.2845,0.351195,Idle
482463451,68.2335,0.32525,Idle
482730907,68.172,0.30031,Idle
482994718,68.1014,0.3,Idle
483244816,68.0256,0.3,Idle
483511127,67.9359,0.3,Idle
483761565,67.8436,0.3,Idle
484011692,67.744,0.318402,Idle
484278415,67.6305,0.352935,Idle
484544797,67.5102,0.388308,Idle
484811400,67.3836,0.423751,Idle
485061679,67.2599,0.456305,Idle
485328304,67.1238,0.489436,Idle
485594721,66.9843,0.520171,Idle
485844984,66.8509,0.546229,Idle
486099987,66.7134,0.569398,Idle
486361420,66.5719,0.589081,Idle
486611460,66.437,0.603637,Idle
486878341,66.2943,0.614218,Idle
487144891,66.1543,0.619435,Idle
487411411,66.0178,0.61918,Idle
487678235,65.8857,0.614312,Idle
487944795,65.7595,0.628136,Idle
488211470,65.6399,0.637964,Idle
488478421,65.5278,0.643806,Idle
488728591,65.4305,0.64575,Idle
488994899,65.3361,0.644261,Idle
489245173,65.2566,0.639772,Idle
489511368,65.1828,0.632056,Idle
489778143,65.1205,0.621702,Idle
490044767,65.0705,0.609213,Idle
490311299,65.0334,0.595104,Idle
490578104,65.0096,0.579893,Idle
490828188,64.9997,0.584473,Idle
491079375,65.0022,0.597826,Idle
491344772,65.0184,0.609188,Idle
491610777,65.0488,0.617586,Idle
491861359,65.0904,0.62265,Idle
492111503,65.1444,0.624884,Idle
492378188,65.2154,0.624131,Idle
492644710,65.3,0.620158,Idle
492911370,65.3979,0.613017,Idle
493161477,65.5012,0.603532,Idle
493411517,65.6152,0.591476,Idle
493661633,65.7393,0.576993,Idle
493927916,65.8819,0.559118,Idle
494177921,66.0247,0.540253,Idle
494428285,66.1757,0.519584,Idle
494694841,66.3442,0.495918,Idle
494961393,66.5197,0.504213,Idle
495211403,66.6896,0.512595,Idle
495478047,66.8754,0.521431,Idle
495728068,67.0527,0.529213,Idle
495994858,67.2441,0.53655,Idle
496244868,67.4244,0.542143,Idle
496495325,67.6047,0.546171,Idle
496761566,67.7948,0.554218,Idle
497027997,67.9821,0.577047,Idle
497278016,68.1541,0.594425,Idle
497528404,68.3214,0.607527,Idle
497795160,68.493,0.616442,Idle
498061555,68.6564,0.619946,Idle
498328174,68.8106,0.617968,Idle
498578439,68.9459,0.611158,Idle
498844664,69.0786,0.598814,Idle
499094889,69.1919,0.582674,Idle
499345143,69.2933,0.562481,Idle
499611356,69.3872,0.537029,Idle
499861625,69.4617,0.509899,Idle
500128401,69.5256,0.478218,Idle
500395074,69.573,0.444442,Idle
500661746,69.6033,0.409367,Idle
500928370,69.6162,0.373836,Idle
501195133,69.6114,0.338672,Idle
501461441,69.5886,0.304791,Idle
501711582,69.551,0.307339,Idle
501978035,69.4935,0.332529,Idle
502228393,69.4235,0.357088,Idle
502494826,69.3321,0.383814,Idle
502761558,69.2236,0.410803,Idle
503028251,69.0988,0.437632,Idle
503294047,68.9588,0.463832,Idle
503544763,68.8131,0.487717,Idle
503811522,68.6444,0.511898,Idle
504078384,68.4627,0.534478,Idle
504344734,68.2693,0.555082,Idle
504594746,68.0781,0.572403,Idle
504861227,67.8651,0.588461,Idle
505111323,67.6577,0.601072,Idle
505361345,67.4444,0.611137,Idle
505611427,67.2262,0.62857,Idle
505877984,66.9899,0.66757,Idle
506144785,66.751,0.704485,Idle
506411408,66.5114,0.73839,Idle
506661419,66.2875,0.766738,Idle
506911726,66.0654,0.79113,Idle
507178219,65.8327,0.812071,Idle
507428497,65.6193,0.826492,Idle
507694658,65.3991,0.835783,Idle
507961515,65.187,0.83848,Idle
508211701,64.9974,0.834773,Idle
508478435,64.8064,0.824077,Idle
508744697,64.6287,0.806503,Idle
508994742,64.4747,0.783891,Idle
509261620,64.3254,0.753548,Idle
509515127,64.199,0.719213,Idle
509777842,64.0848,0.67853,Idle
510028194,63.9927,0.635561,Idle
510294392,63.9136,0.586167,Idle
510545084,63.8572,0.536974,Idle
510811629,63.8173,0.496323,Idle
511078305,63.7985,0.463634,Idle
511328331,63.8002,0.431374,Idle
511594977,63.823,0.396029,Idle
511845237,63.8639,0.362709,Idle
512115508,63.9294,0.327391,Idle
512378220,64.0139,0.3,Idle
512628462,64.1132,0.3,Idle
512878668,64.2304,0.3,Idle
513128949,64.365,0.3,Idle
513395678,64.5268,0.3,Idle
513665084,64.7085,0.3,Idle
513930603,64.9044,0.3,Idle
514195737,65.1156,0.3,Idle
514464263,65.3441,0.3,Idle
514728163,65.5815,0.3,Idle
514978378,65.817,0.3,Idle
515245384,66.078,0.3,Idle
515511666,66.3466,0.3,Idle
515778147,66.622,0.317026,Idle
516028616,66.8852,0.341075,Idle
516295039,67.1681,0.367469,Idle
516561727,67.4524,0.41923,Idle
516827524,67.735,0.480753,Idle
517078507,67.9994,0.539254,Idle
517345002,68.2758,0.600633,Idle
517595061,68.5294,0.656474,Idle
517861871,68.7921,0.71306,Idle
518127433,69.0436,0.765217,Idle
518378428,69.2707,0.809762,Idle
518628643,69.4853,0.848778,Idle
518894911,69.6993,0.883623,Idle
519144971,69.8854,0.909484,Idle
519411801,70.0666,0.929236,Idle
519678297,70.2285,0.940514,Idle
519944893,70.3702,0.943142,Idle
520210963,70.4902,0.937107,Idle
520461547,70.5828,0.923644,Idle
520727942,70.6587,0.901354,Idle
520978393,70.7085,0.873318,Idle
521244871,70.7377,0.836549,Idle
521495039,70.7428,0.796188,Idle
521761813,70.724,0.747758,Idle
522028134,70.6804,0.694836,Idle
522278303,70.6168,0.641919,Idle
522544838,70.5253,0.583209,Idle
522795063,70.4174,0.526933,Idle
523061560,70.2797,0.466899,Idle
523312130,70.1295,0.428942,Idle
523578449,69.9487,0.402058,Idle
523828506,69.7599,0.376781,Idle
524094799,69.5399,0.350194,Idle
524345259,69.3162,0.325832,Idle
524611570,69.0619,0.300968,Idle
524878074,68.7921,0.3,Idle
525128330,68.5263,0.3,Idle
525378354,68.2502,0.3,Idle
525644385,67.9466,0.3,Idle
525895240,67.6528,0.3,Idle
526165830,67.3296,0.3,Idle
526428615,67.0116,0.3,Idle
526694074,66.6884,0.3,Idle
526945035,66.3827,0.3,Idle
527211591,66.0602,0.301843,Idle
