timestampMicros,sceneFrom,sceneTo,transitionType,triggerReason,timeInStateSec,expectedDurationSec,deviationSec,blendDurationSec,completed
97197738,Idle,Start,manual,button_press,96.924,null,null,1.200,0
98414377,Idle,Start,manual,button_press,1.217,null,null,1.200,1
128429736,Start,FirstPhase,auto,timeout,30.015,30.000,0.015,1.200,0
129630358,Start,FirstPhase,auto,timeout,1.201,30.000,null,1.200,1
189641634,FirstPhase,Exchange,auto,timeout,60.011,60.000,0.011,1.200,0
190858400,FirstPhase,Exchange,auto,timeout,1.217,60.000,null,1.200,1
250874866,Exchange,Mixed,auto,timeout,60.016,60.000,0.016,1.200,0
252074885,Exchange,Mixed,auto,timeout,1.200,60.000,null,1.200,1
342075292,Mixed,End,auto,timeout,90.000,90.000,0.000,1.200,0
343287848,Mixed,End,auto,timeout,1.213,90.000,null,1.200,1
98147796,Idle,Start,manual,button_press,96.783,null,null,1.200,0
99364433,Idle,Start,manual,button_press,1.217,null,null,1.200,1
129379790,Start,FirstPhase,auto,timeout,30.015,30.000,0.015,1.200,0
130580408,Start,FirstPhase,auto,timeout,1.201,30.000,null,1.200,1
190594617,FirstPhase,Exchange,auto,timeout,60.014,60.000,0.014,1.200,0
191794626,FirstPhase,Exchange,auto,timeout,1.200,60.000,null,1.200,1
251808307,Exchange,Mixed,auto,timeout,60.014,60.000,0.014,1.200,0
253008320,Exchange,Mixed,auto,timeout,1.200,60.000,null,1.200,1
343021283,Mixed,End,auto,timeout,90.013,90.000,0.013,1.200,0
344237937,Mixed,End,auto,timeout,1.217,90.000,null,1.200,1
364253730,End,Idle,auto,timeout,20.016,20.000,0.016,1.200,0
365453755,End,Idle,auto,timeout,1.200,20.000,null,1.200,1
430451171,Idle,Start,manual,button_press,64.997,null,null,1.200,0
431669094,Idle,Start,manual,button_press,1.218,null,null,1.200,1
461683149,Start,FirstPhase,auto,timeout,30.014,30.000,0.014,1.200,0
462883731,Start,FirstPhase,auto,timeout,1.201,30.000,null,1.200,1
522898067,FirstPhase,Exchange,auto,timeout,60.014,60.000,0.014,1.200,0
524114699,FirstPhase,Exchange,auto,timeout,1.217,60.000,null,1.200,1
584128361,Exchange,Mixed,auto,timeout,60.014,60.000,0.014,1.200,0
585328376,Exchange,Mixed,auto,timeout,1.200,60.000,null,1.200,1
675341387,Mixed,End,auto,timeout,90.013,90.000,0.013,1.200,0
676558015,Mixed,End,auto,timeout,1.217,90.000,null,1.200,1
696573778,End,Idle,auto,timeout,20.016,20.000,0.016,1.200,0
697773803,End,Idle,auto,timeout,1.200,20.000,null,1.200,1
48316448,Idle,Start,manual,button_press,46.931,null,null,1.200,0
49533069,Idle,Start,manual,button_press,1.217,null,null,1.200,1
79548475,Start,FirstPhase,auto,timeout,30.015,30.000,0.015,1.200,0
80748950,Start,FirstPhase,auto,timeout,1.200,30.000,null,1.200,1
140763047,FirstPhase,Exchange,auto,timeout,60.014,60.000,0.014,1.200,0
141968804,FirstPhase,Exchange,auto,timeout,1.206,60.000,null,1.200,1
201976822,Exchange,Mixed,auto,timeout,60.008,60.000,0.008,1.200,0
203176910,Exchange,Mixed,auto,timeout,1.200,60.000,null,1.200,1
16184597,Idle,Start,manual,button_press,15.650,null,null,1.200,0
17384728,Idle,Start,manual,button_press,1.200,null,null,1.200,1
47399992,Start,FirstPhase,auto,timeout,30.015,30.000,0.015,1.200,0
48600155,Start,FirstPhase,auto,timeout,1.200,30.000,null,1.200,1
108614817,FirstPhase,Exchange,auto,timeout,60.015,60.000,0.015,1.200,0
109830697,FirstPhase,Exchange,auto,timeout,1.216,60.000,null,1.200,1
169846878,Exchange,Mixed,auto,timeout,60.016,60.000,0.016,1.200,0
171047095,Exchange,Mixed,auto,timeout,1.200,60.000,null,1.200,1
261063384,Mixed,End,auto,timeout,90.016,90.000,0.016,1.200,0
262263710,Mixed,End,auto,timeout,1.200,90.000,null,1.200,1
6435081,Idle,Start,manual,button_press,5.895,null,null,1.200,0
7635175,Idle,Start,manual,button_press,1.200,null,null,1.200,1
37650321,Start,FirstPhase,auto,timeout,30.015,30.000,0.015,1.200,0
38850578,Start,FirstPhase,auto,timeout,1.200,30.000,null,1.200,1
98864920,FirstPhase,Exchange,auto,timeout,60.014,60.000,0.014,1.200,0
100065080,FirstPhase,Exchange,auto,timeout,1.200,60.000,null,1.200,1
160065698,Exchange,Mixed,auto,timeout,60.001,60.000,0.001,1.200,0
161266092,Exchange,Mixed,auto,timeout,1.200,60.000,null,1.200,1
251275086,Mixed,End,auto,timeout,90.009,90.000,0.009,1.200,0
252491812,Mixed,End,auto,timeout,1.217,90.000,null,1.200,1
272507405,End,Idle,auto,timeout,20.016,20.000,0.016,1.200,0
273707648,End,Idle,auto,timeout,1.200,20.000,null,1.200,1
17817817,Idle,Start,manual,button_press,17.309,null,null,1.200,0
19017971,Idle,Start,manual,button_press,1.200,null,null,1.200,1
49033086,Start,FirstPhase,auto,timeout,30.015,30.000,0.015,1.200,0
50233263,Start,FirstPhase,auto,timeout,1.200,30.000,null,1.200,1
8553207,Idle,Start,manual,button_press,8.048,null,null,1.200,0
9769041,Idle,Start,manual,button_press,1.216,null,null,1.200,1
39783560,Start,FirstPhase,auto,timeout,30.015,30.000,0.015,1.200,0
40983742,Start,FirstPhase,auto,timeout,1.200,30.000,null,1.200,1
100999513,FirstPhase,Exchange,auto,timeout,60.016,60.000,0.016,1.200,0
102216438,FirstPhase,Exchange,auto,timeout,1.217,60.000,null,1.200,1
162218123,Exchange,Mixed,auto,timeout,60.002,60.000,0.002,1.200,0
163434711,Exchange,Mixed,auto,timeout,1.217,60.000,null,1.200,1
16917978,Idle,Start,manual,button_press,16.441,null,null,1.200,0
18118043,Idle,Start,manual,button_press,1.200,null,null,1.200,1
48133187,Start,FirstPhase,auto,timeout,30.015,30.000,0.015,1.200,0
49333343,Start,FirstPhase,auto,timeout,1.200,30.000,null,1.200,1
109504837,FirstPhase,Exchange,auto,timeout,60.171,60.000,0.171,1.200,0
110717391,FirstPhase,Exchange,auto,timeout,1.213,60.000,null,1.200,1
170728302,Exchange,Mixed,auto,timeout,60.011,60.000,0.011,1.200,0
171928658,Exchange,Mixed,auto,timeout,1.200,60.000,null,1.200,1
261941262,Mixed,End,auto,timeout,90.013,90.000,0.013,1.200,0
263141349,Mixed,End,auto,timeout,1.200,90.000,null,1.200,1
15967963,Idle,Start,manual,button_press,15.498,null,null,1.200,0
17168104,Idle,Start,manual,button_press,1.200,null,null,1.200,1
47183330,Start,FirstPhase,auto,timeout,30.015,30.000,0.015,1.200,0
48383503,Start,FirstPhase,auto,timeout,1.200,30.000,null,1.200,1
108400072,FirstPhase,Exchange,auto,timeout,60.017,60.000,0.017,1.200,0
109600242,FirstPhase,Exchange,auto,timeout,1.200,60.000,null,1.200,1
169612482,Exchange,Mixed,auto,timeout,60.012,60.000,0.012,1.200,0
170828988,Exchange,Mixed,auto,timeout,1.217,60.000,null,1.200,1
19218044,Idle,Start,manual,button_press,18.684,null,null,1.200,0
20418152,Idle,Start,manual,button_press,1.200,null,null,1.200,1
50433374,Start,FirstPhase,auto,timeout,30.015,30.000,0.015,1.200,0
51633582,Start,FirstPhase,auto,timeout,1.200,30.000,null,1.200,1
111648311,FirstPhase,Exchange,auto,timeout,60.015,60.000,0.015,1.200,0
112848529,FirstPhase,Exchange,auto,timeout,1.200,60.000,null,1.200,1
172859445,Exchange,Mixed,auto,timeout,60.011,60.000,0.011,1.200,0
174059511,Exchange,Mixed,auto,timeout,1.200,60.000,null,1.200,1
264060283,Mixed,End,auto,timeout,90.001,90.000,0.001,1.200,0
40316844,Idle,Start,manual,button_press,40.054,null,null,1.200,0
41516929,Idle,Start,manual,button_press,1.200,null,null,1.200,1
71532262,Start,FirstPhase,auto,timeout,30.015,30.000,0.015,1.200,0
72732338,Start,FirstPhase,auto,timeout,1.200,30.000,null,1.200,1
132746434,FirstPhase,Exchange,auto,timeout,60.014,60.000,0.014,1.200,0
133946522,FirstPhase,Exchange,auto,timeout,1.200,60.000,null,1.200,1
193960579,Exchange,Mixed,auto,timeout,60.014,60.000,0.014,1.200,0
195160790,Exchange,Mixed,auto,timeout,1.200,60.000,null,1.200,1
59962287,Idle,Start,manual,button_press,59.478,null,null,1.200,0
61162487,Idle,Start,manual,button_press,1.200,null,null,1.200,1
91164729,Start,FirstPhase,auto,timeout,30.002,30.000,0.002,1.200,0
92364927,Start,FirstPhase,auto,timeout,1.200,30.000,null,1.200,1
152379159,FirstPhase,Exchange,auto,timeout,60.014,60.000,0.014,1.200,0
153579269,FirstPhase,Exchange,auto,timeout,1.200,60.000,null,1.200,1
213594616,Exchange,Mixed,auto,timeout,60.015,60.000,0.015,1.200,0
214794739,Exchange,Mixed,auto,timeout,1.200,60.000,null,1.200,1
304795339,Mixed,End,auto,timeout,90.001,90.000,0.001,1.200,0
306011852,Mixed,End,auto,timeout,1.217,90.000,null,1.200,1
326012128,End,Idle,auto,timeout,20.000,20.000,0.000,1.200,0
327228280,End,Idle,auto,timeout,1.216,20.000,null,1.200,1
52899898,Idle,Start,manual,button_press,52.473,null,null,1.200,0
54099937,Idle,Start,manual,button_press,1.200,null,null,1.200,1
84115219,Start,FirstPhase,auto,timeout,30.015,30.000,0.015,1.200,0
85315389,Start,FirstPhase,auto,timeout,1.200,30.000,null,1.200,1
145329335,FirstPhase,Exchange,auto,timeout,60.014,60.000,0.014,1.200,0
146529488,FirstPhase,Exchange,auto,timeout,1.200,60.000,null,1.200,1
23784158,Idle,Start,manual,button_press,23.520,null,null,1.200,0
24984227,Idle,Start,manual,button_press,1.200,null,null,1.200,1
54999299,Start,FirstPhase,auto,timeout,30.015,30.000,0.015,1.200,0
56199504,Start,FirstPhase,auto,timeout,1.200,30.000,null,1.200,1
513031311,Idle,Start,manual,button_press,512.767,null,null,1.200,0
514231345,Idle,Start,manual,button_press,1.200,null,null,1.200,1
29500703,Idle,Start,manual,button_press,27.804,null,null,1.200,0
30700854,Idle,Start,manual,button_press,1.200,null,null,1.200,1
60716072,Start,FirstPhase,auto,timeout,30.015,30.000,0.015,1.200,0
61916266,Start,FirstPhase,auto,timeout,1.200,30.000,null,1.200,1
